,ticker,link
0,aapl,https://finance.yahoo.com//news/svb-stock-halted-as-silicon-valley-bank-capital-raise-reportedly-fails-buyer-sought-145321831.html
1,aapl,https://finance.yahoo.com//news/stock-market-news-today-live-updates-march-10-2023-123845899.html
2,aapl,https://finance.yahoo.com//news/february-jobs-report-march-10-2023-124602371.html
3,aapl,https://finance.yahoo.com//news/jay-powell-now-has-another-problem-morning-brief-103100176.html
4,aapl,https://finance.yahoo.com//news/why-silicon-valley-banks-crisis-is-rattling-americas-biggest-banks-121159393.html
5,aapl,https://finance.yahoo.com//news/stock-market-news-today-live-updates-march-9-2023-135006552.html
6,aapl,https://finance.yahoo.com//news/banks-tumble-svb-ignites-broader-173433069.html
7,aapl,https://finance.yahoo.com//news/mortgage-rates-increase-again-flirt-with-7-170227323.html
8,aapl,https://finance.yahoo.com//news/9-ways-biden-is-set-to-raise-some-taxes-in-2024-budget-proposal-145357176.html
9,aapl,https://finance.yahoo.com//news/stock-market-news-today-live-updates-march-9-2023-135006552.html
10,aapl,https://finance.yahoo.com//news/why-recession-odds-just-spiked-after-powell-addressed-congress-morning-brief-103054745.html
11,aapl,https://finance.yahoo.com//news/powell-leaves-options-open-for-feds-march-meeting-we-are-not-on-a-preset-path-213322847.html
12,aapl,https://finance.yahoo.com//news/stock-market-news-live-updates-march-8-2023-124051164.html
13,aapl,https://finance.yahoo.com//news/key-recession-indicator-yield-inversion-treasury-160255114.html
14,aapl,https://finance.yahoo.com//news/stock-market-news-live-updates-march-8-2023-124051164.html
15,aapl,https://finance.yahoo.com//news/retail-executives-spent-last-year-getting-inventories-in-great-shape-morning-brief-102911205.html
16,aapl,https://finance.yahoo.com//news/stock-market-news-today-live-updates-march-7-2023-143312540.html
17,aapl,https://finance.yahoo.com//news/stock-market-news-today-live-updates-march-7-2023-143312540.html
18,aapl,https://finance.yahoo.com//news/powell-tells-congress-rates-will-likely-be-higher-than-previously-anticipated-150011657.html
19,aapl,https://finance.yahoo.com//news/stock-market-news-today-live-updates-march-7-2023-143312540.html
20,aapl,https://finance.yahoo.com//news/heres-what-biden-wants-to-do-to-shore-up-medicare-135302609.html
21,aapl,https://finance.yahoo.com//news/retail-traders-have-fallen-in-love-with-bonds-morning-brief-103004938.html
22,aapl,https://finance.yahoo.com//news/stock-market-news-live-updates-march-6-2023-123642397.html
23,aapl,https://finance.yahoo.com//news/as-airbnb-wins-back-wall-street-some-hosts-see-saturation-130755035.html
24,aapl,https://finance.yahoo.com//news/stock-market-news-live-updates-march-6-2023-123642397.html
25,aapl,https://finance.yahoo.com//news/the-stock-market-faces-a-new-dilemma-morning-brief-103048909.html
26,aapl,https://finance.yahoo.com//news/bankman-fried-flip-phone-limited-153437236.html
27,aapl,https://finance.yahoo.com//news/stock-market-news-live-updates-march-3-2023-133941006.html
28,aapl,https://finance.yahoo.com//news/stock-market-news-live-updates-march-3-2023-133941006.html
29,aapl,https://finance.yahoo.com//news/stock-market-news-today-march-2-2023-135533324.html
30,aapl,https://finance.yahoo.com//news/mortgage-rates-surge-closer-to-7-170022384.html
31,aapl,https://finance.yahoo.com//news/stock-market-news-today-march-2-2023-135533324.html
32,aapl,https://finance.yahoo.com//news/what-the-end-of-the-great-moderation-era-means-for-investors-morning-brief-103057491.html
33,aapl,https://finance.yahoo.com//news/silvergate-stock-crashes-after-company-delays-annual-report-reveals-new-losses-121923800.html
34,aapl,https://finance.yahoo.com//news/stock-market-news-live-updates-march-1-2023-124448484.html
35,aapl,https://finance.yahoo.com//news/goldman-sachs-tries-to-reset-firm-culture-after-three-unusual-years-171038235.html
36,aapl,https://finance.yahoo.com//news/feds-bostic-kashkari-call-for-higher-rates-after-concerning-inflation-jobs-data-150224928.html
37,aapl,https://finance.yahoo.com//news/stock-market-news-live-updates-march-1-2023-124448484.html
38,aapl,https://finance.yahoo.com//news/consumers-keep-feeling-better-about-today-and-worse-about-tomorrow-morning-brief-103054340.html
39,aapl,https://finance.yahoo.com//news/stock-market-news-live-updates-february-28-2023-120603661.html
40,aapl,https://finance.yahoo.com//news/stock-market-news-live-updates-february-28-2023-120603661.html
41,aapl,https://finance.yahoo.com//news/the-chips-act-reawakens-the-buyback-bogeyman-morning-brief-103020122.html
42,aapl,https://finance.yahoo.com//news/target-q4-earnings-beat-estimates-ceo-strikes-a-cautious-tone-as-consumer-spending-shifts-113016615.html
43,aapl,https://finance.yahoo.com//news/stock-market-news-live-updates-february-27-2023-130555308.html
44,aapl,https://finance.yahoo.com//news/salesforce-and-billionaire-marc-benioff-face-a-defining-moment-morning-brief-103049640.html
45,aapl,https://finance.yahoo.com//news/stocks-under-pressure-retail-earnings-continue-what-to-know-this-week-142308388.html
46,aapl,https://finance.yahoo.com//news/stock-market-news-today-february-24-2023-104349492.html
47,aapl,https://finance.yahoo.com//news/fed-inflation-fight-longer-pce-index-173353572.html
48,aapl,https://finance.yahoo.com//news/stock-market-news-today-february-24-2023-104349492.html
49,aapl,https://finance.yahoo.com//news/big-tech-is-out-old-economy-is-in-on-wall-street-morning-brief-103041144.html
50,aapl,https://finance.yahoo.com/https://finance.yahoo.com/news/why-silicon-valley-banks-crisis-is-rattling-americas-biggest-banks-121159393.html
51,aapl,https://finance.yahoo.com//news/target-amazon-4-more-retailers-130111844.html
52,aapl,https://finance.yahoo.com//news/apple-gets-mojo-back-shaky-143855096.html
53,aapl,https://finance.yahoo.com//news/uk-says-needs-more-time-130540275.html
54,aapl,https://finance.yahoo.com//news/warren-buffett-blasted-public-figures-150000560.html
55,tsla,https://finance.yahoo.com//news/svb-stock-halted-as-silicon-valley-bank-capital-raise-reportedly-fails-buyer-sought-145321831.html
56,tsla,https://finance.yahoo.com//news/stock-market-news-today-live-updates-march-10-2023-123845899.html
57,tsla,https://finance.yahoo.com//news/february-jobs-report-march-10-2023-124602371.html
58,tsla,https://finance.yahoo.com//news/jay-powell-now-has-another-problem-morning-brief-103100176.html
59,tsla,https://finance.yahoo.com//news/why-silicon-valley-banks-crisis-is-rattling-americas-biggest-banks-121159393.html
60,tsla,https://finance.yahoo.com//news/stock-market-news-today-live-updates-march-9-2023-135006552.html
61,tsla,https://finance.yahoo.com//news/banks-tumble-svb-ignites-broader-173433069.html
62,tsla,https://finance.yahoo.com//news/mortgage-rates-increase-again-flirt-with-7-170227323.html
63,tsla,https://finance.yahoo.com//news/9-ways-biden-is-set-to-raise-some-taxes-in-2024-budget-proposal-145357176.html
64,tsla,https://finance.yahoo.com//news/stock-market-news-today-live-updates-march-9-2023-135006552.html
65,tsla,https://finance.yahoo.com//news/why-recession-odds-just-spiked-after-powell-addressed-congress-morning-brief-103054745.html
66,tsla,https://finance.yahoo.com//news/powell-leaves-options-open-for-feds-march-meeting-we-are-not-on-a-preset-path-213322847.html
67,tsla,https://finance.yahoo.com//news/stock-market-news-live-updates-march-8-2023-124051164.html
68,tsla,https://finance.yahoo.com//news/key-recession-indicator-yield-inversion-treasury-160255114.html
69,tsla,https://finance.yahoo.com//news/stock-market-news-live-updates-march-8-2023-124051164.html
70,tsla,https://finance.yahoo.com//news/retail-executives-spent-last-year-getting-inventories-in-great-shape-morning-brief-102911205.html
71,tsla,https://finance.yahoo.com//news/stock-market-news-today-live-updates-march-7-2023-143312540.html
72,tsla,https://finance.yahoo.com//news/stock-market-news-today-live-updates-march-7-2023-143312540.html
73,tsla,https://finance.yahoo.com//news/powell-tells-congress-rates-will-likely-be-higher-than-previously-anticipated-150011657.html
74,tsla,https://finance.yahoo.com//news/stock-market-news-today-live-updates-march-7-2023-143312540.html
75,tsla,https://finance.yahoo.com//news/heres-what-biden-wants-to-do-to-shore-up-medicare-135302609.html
76,tsla,https://finance.yahoo.com//news/retail-traders-have-fallen-in-love-with-bonds-morning-brief-103004938.html
77,tsla,https://finance.yahoo.com//news/stock-market-news-live-updates-march-6-2023-123642397.html
78,tsla,https://finance.yahoo.com//news/as-airbnb-wins-back-wall-street-some-hosts-see-saturation-130755035.html
79,tsla,https://finance.yahoo.com//news/stock-market-news-live-updates-march-6-2023-123642397.html
80,tsla,https://finance.yahoo.com//news/the-stock-market-faces-a-new-dilemma-morning-brief-103048909.html
81,tsla,https://finance.yahoo.com//news/bankman-fried-flip-phone-limited-153437236.html
82,tsla,https://finance.yahoo.com//news/stock-market-news-live-updates-march-3-2023-133941006.html
83,tsla,https://finance.yahoo.com//news/stock-market-news-live-updates-march-3-2023-133941006.html
84,tsla,https://finance.yahoo.com//news/stock-market-news-today-march-2-2023-135533324.html
85,tsla,https://finance.yahoo.com//news/mortgage-rates-surge-closer-to-7-170022384.html
86,tsla,https://finance.yahoo.com//news/stock-market-news-today-march-2-2023-135533324.html
87,tsla,https://finance.yahoo.com//news/what-the-end-of-the-great-moderation-era-means-for-investors-morning-brief-103057491.html
88,tsla,https://finance.yahoo.com//news/silvergate-stock-crashes-after-company-delays-annual-report-reveals-new-losses-121923800.html
89,tsla,https://finance.yahoo.com//news/stock-market-news-live-updates-march-1-2023-124448484.html
90,tsla,https://finance.yahoo.com//news/goldman-sachs-tries-to-reset-firm-culture-after-three-unusual-years-171038235.html
91,tsla,https://finance.yahoo.com//news/feds-bostic-kashkari-call-for-higher-rates-after-concerning-inflation-jobs-data-150224928.html
92,tsla,https://finance.yahoo.com//news/stock-market-news-live-updates-march-1-2023-124448484.html
93,tsla,https://finance.yahoo.com//news/consumers-keep-feeling-better-about-today-and-worse-about-tomorrow-morning-brief-103054340.html
94,tsla,https://finance.yahoo.com//news/stock-market-news-live-updates-february-28-2023-120603661.html
95,tsla,https://finance.yahoo.com//news/stock-market-news-live-updates-february-28-2023-120603661.html
96,tsla,https://finance.yahoo.com//news/the-chips-act-reawakens-the-buyback-bogeyman-morning-brief-103020122.html
97,tsla,https://finance.yahoo.com//news/target-q4-earnings-beat-estimates-ceo-strikes-a-cautious-tone-as-consumer-spending-shifts-113016615.html
98,tsla,https://finance.yahoo.com//news/stock-market-news-live-updates-february-27-2023-130555308.html
99,tsla,https://finance.yahoo.com//news/salesforce-and-billionaire-marc-benioff-face-a-defining-moment-morning-brief-103049640.html
100,tsla,https://finance.yahoo.com//news/stocks-under-pressure-retail-earnings-continue-what-to-know-this-week-142308388.html
101,tsla,https://finance.yahoo.com//news/stock-market-news-today-february-24-2023-104349492.html
102,tsla,https://finance.yahoo.com//news/fed-inflation-fight-longer-pce-index-173353572.html
103,tsla,https://finance.yahoo.com//news/stock-market-news-today-february-24-2023-104349492.html
104,tsla,https://finance.yahoo.com//news/big-tech-is-out-old-economy-is-in-on-wall-street-morning-brief-103041144.html
105,tsla,https://finance.yahoo.com/https://finance.yahoo.com/news/why-silicon-valley-banks-crisis-is-rattling-americas-biggest-banks-121159393.html
106,tsla,https://finance.yahoo.com//news/tesla-supplier-catl-smashes-profit-024530944.html
107,tsla,https://finance.yahoo.com//news/tesla-supplier-catl-smashes-profit-024530944.html
108,tsla,https://finance.yahoo.com//news/know-beyond-why-tesla-inc-140002865.html
109,tsla,https://finance.yahoo.com//news/alibaba-group-holding-limited-baba-140002227.html
110,tsla,https://finance.yahoo.com//news/nvidia-corporation-nvda-trending-stock-140002083.html
111,goog,https://finance.yahoo.com//news/svb-stock-halted-as-silicon-valley-bank-capital-raise-reportedly-fails-buyer-sought-145321831.html
112,goog,https://finance.yahoo.com//news/stock-market-news-today-live-updates-march-10-2023-123845899.html
113,goog,https://finance.yahoo.com//news/february-jobs-report-march-10-2023-124602371.html
114,goog,https://finance.yahoo.com//news/jay-powell-now-has-another-problem-morning-brief-103100176.html
115,goog,https://finance.yahoo.com//news/why-silicon-valley-banks-crisis-is-rattling-americas-biggest-banks-121159393.html
116,goog,https://finance.yahoo.com//news/stock-market-news-today-live-updates-march-9-2023-135006552.html
117,goog,https://finance.yahoo.com//news/banks-tumble-svb-ignites-broader-173433069.html
118,goog,https://finance.yahoo.com//news/mortgage-rates-increase-again-flirt-with-7-170227323.html
119,goog,https://finance.yahoo.com//news/9-ways-biden-is-set-to-raise-some-taxes-in-2024-budget-proposal-145357176.html
120,goog,https://finance.yahoo.com//news/stock-market-news-today-live-updates-march-9-2023-135006552.html
121,goog,https://finance.yahoo.com//news/why-recession-odds-just-spiked-after-powell-addressed-congress-morning-brief-103054745.html
122,goog,https://finance.yahoo.com//news/powell-leaves-options-open-for-feds-march-meeting-we-are-not-on-a-preset-path-213322847.html
123,goog,https://finance.yahoo.com//news/stock-market-news-live-updates-march-8-2023-124051164.html
124,goog,https://finance.yahoo.com//news/key-recession-indicator-yield-inversion-treasury-160255114.html
125,goog,https://finance.yahoo.com//news/stock-market-news-live-updates-march-8-2023-124051164.html
126,goog,https://finance.yahoo.com//news/retail-executives-spent-last-year-getting-inventories-in-great-shape-morning-brief-102911205.html
127,goog,https://finance.yahoo.com//news/stock-market-news-today-live-updates-march-7-2023-143312540.html
128,goog,https://finance.yahoo.com//news/stock-market-news-today-live-updates-march-7-2023-143312540.html
129,goog,https://finance.yahoo.com//news/powell-tells-congress-rates-will-likely-be-higher-than-previously-anticipated-150011657.html
130,goog,https://finance.yahoo.com//news/stock-market-news-today-live-updates-march-7-2023-143312540.html
131,goog,https://finance.yahoo.com//news/heres-what-biden-wants-to-do-to-shore-up-medicare-135302609.html
132,goog,https://finance.yahoo.com//news/retail-traders-have-fallen-in-love-with-bonds-morning-brief-103004938.html
133,goog,https://finance.yahoo.com//news/stock-market-news-live-updates-march-6-2023-123642397.html
134,goog,https://finance.yahoo.com//news/as-airbnb-wins-back-wall-street-some-hosts-see-saturation-130755035.html
135,goog,https://finance.yahoo.com//news/stock-market-news-live-updates-march-6-2023-123642397.html
136,goog,https://finance.yahoo.com//news/the-stock-market-faces-a-new-dilemma-morning-brief-103048909.html
137,goog,https://finance.yahoo.com//news/bankman-fried-flip-phone-limited-153437236.html
138,goog,https://finance.yahoo.com//news/stock-market-news-live-updates-march-3-2023-133941006.html
139,goog,https://finance.yahoo.com//news/stock-market-news-live-updates-march-3-2023-133941006.html
140,goog,https://finance.yahoo.com//news/stock-market-news-today-march-2-2023-135533324.html
141,goog,https://finance.yahoo.com//news/mortgage-rates-surge-closer-to-7-170022384.html
142,goog,https://finance.yahoo.com//news/stock-market-news-today-march-2-2023-135533324.html
143,goog,https://finance.yahoo.com//news/what-the-end-of-the-great-moderation-era-means-for-investors-morning-brief-103057491.html
144,goog,https://finance.yahoo.com//news/silvergate-stock-crashes-after-company-delays-annual-report-reveals-new-losses-121923800.html
145,goog,https://finance.yahoo.com//news/stock-market-news-live-updates-march-1-2023-124448484.html
146,goog,https://finance.yahoo.com//news/goldman-sachs-tries-to-reset-firm-culture-after-three-unusual-years-171038235.html
147,goog,https://finance.yahoo.com//news/feds-bostic-kashkari-call-for-higher-rates-after-concerning-inflation-jobs-data-150224928.html
148,goog,https://finance.yahoo.com//news/stock-market-news-live-updates-march-1-2023-124448484.html
149,goog,https://finance.yahoo.com//news/consumers-keep-feeling-better-about-today-and-worse-about-tomorrow-morning-brief-103054340.html
150,goog,https://finance.yahoo.com//news/stock-market-news-live-updates-february-28-2023-120603661.html
151,goog,https://finance.yahoo.com//news/stock-market-news-live-updates-february-28-2023-120603661.html
152,goog,https://finance.yahoo.com//news/the-chips-act-reawakens-the-buyback-bogeyman-morning-brief-103020122.html
153,goog,https://finance.yahoo.com//news/target-q4-earnings-beat-estimates-ceo-strikes-a-cautious-tone-as-consumer-spending-shifts-113016615.html
154,goog,https://finance.yahoo.com//news/stock-market-news-live-updates-february-27-2023-130555308.html
155,goog,https://finance.yahoo.com//news/salesforce-and-billionaire-marc-benioff-face-a-defining-moment-morning-brief-103049640.html
156,goog,https://finance.yahoo.com//news/stocks-under-pressure-retail-earnings-continue-what-to-know-this-week-142308388.html
157,goog,https://finance.yahoo.com//news/stock-market-news-today-february-24-2023-104349492.html
158,goog,https://finance.yahoo.com//news/fed-inflation-fight-longer-pce-index-173353572.html
159,goog,https://finance.yahoo.com//news/stock-market-news-today-february-24-2023-104349492.html
160,goog,https://finance.yahoo.com//news/big-tech-is-out-old-economy-is-in-on-wall-street-morning-brief-103041144.html
161,goog,https://finance.yahoo.com/https://finance.yahoo.com/news/why-silicon-valley-banks-crisis-is-rattling-americas-biggest-banks-121159393.html
162,goog,https://finance.yahoo.com//news/1-us-judge-says-order-160216653.html
163,goog,https://finance.yahoo.com//news/us-judge-says-order-doj-155322943.html
164,goog,https://finance.yahoo.com//news/google-over-hired-talent-fake-114331193.html
165,goog,https://finance.yahoo.com//news/hold-alphabet-goog-long-term-111626825.html
166,goog,https://finance.yahoo.com//news/alphabet-googl-buy-now-103603849.html
167,jnj,https://finance.yahoo.com//news/svb-stock-halted-as-silicon-valley-bank-capital-raise-reportedly-fails-buyer-sought-145321831.html
168,jnj,https://finance.yahoo.com//news/stock-market-news-today-live-updates-march-10-2023-123845899.html
169,jnj,https://finance.yahoo.com//news/february-jobs-report-march-10-2023-124602371.html
170,jnj,https://finance.yahoo.com//news/jay-powell-now-has-another-problem-morning-brief-103100176.html
171,jnj,https://finance.yahoo.com//news/why-silicon-valley-banks-crisis-is-rattling-americas-biggest-banks-121159393.html
172,jnj,https://finance.yahoo.com//news/stock-market-news-today-live-updates-march-9-2023-135006552.html
173,jnj,https://finance.yahoo.com//news/banks-tumble-svb-ignites-broader-173433069.html
174,jnj,https://finance.yahoo.com//news/mortgage-rates-increase-again-flirt-with-7-170227323.html
175,jnj,https://finance.yahoo.com//news/9-ways-biden-is-set-to-raise-some-taxes-in-2024-budget-proposal-145357176.html
176,jnj,https://finance.yahoo.com//news/stock-market-news-today-live-updates-march-9-2023-135006552.html
177,jnj,https://finance.yahoo.com//news/why-recession-odds-just-spiked-after-powell-addressed-congress-morning-brief-103054745.html
178,jnj,https://finance.yahoo.com//news/powell-leaves-options-open-for-feds-march-meeting-we-are-not-on-a-preset-path-213322847.html
179,jnj,https://finance.yahoo.com//news/stock-market-news-live-updates-march-8-2023-124051164.html
180,jnj,https://finance.yahoo.com//news/key-recession-indicator-yield-inversion-treasury-160255114.html
181,jnj,https://finance.yahoo.com//news/stock-market-news-live-updates-march-8-2023-124051164.html
182,jnj,https://finance.yahoo.com//news/retail-executives-spent-last-year-getting-inventories-in-great-shape-morning-brief-102911205.html
183,jnj,https://finance.yahoo.com//news/stock-market-news-today-live-updates-march-7-2023-143312540.html
184,jnj,https://finance.yahoo.com//news/stock-market-news-today-live-updates-march-7-2023-143312540.html
185,jnj,https://finance.yahoo.com//news/powell-tells-congress-rates-will-likely-be-higher-than-previously-anticipated-150011657.html
186,jnj,https://finance.yahoo.com//news/stock-market-news-today-live-updates-march-7-2023-143312540.html
187,jnj,https://finance.yahoo.com//news/heres-what-biden-wants-to-do-to-shore-up-medicare-135302609.html
188,jnj,https://finance.yahoo.com//news/retail-traders-have-fallen-in-love-with-bonds-morning-brief-103004938.html
189,jnj,https://finance.yahoo.com//news/stock-market-news-live-updates-march-6-2023-123642397.html
190,jnj,https://finance.yahoo.com//news/as-airbnb-wins-back-wall-street-some-hosts-see-saturation-130755035.html
191,jnj,https://finance.yahoo.com//news/stock-market-news-live-updates-march-6-2023-123642397.html
192,jnj,https://finance.yahoo.com//news/the-stock-market-faces-a-new-dilemma-morning-brief-103048909.html
193,jnj,https://finance.yahoo.com//news/bankman-fried-flip-phone-limited-153437236.html
194,jnj,https://finance.yahoo.com//news/stock-market-news-live-updates-march-3-2023-133941006.html
195,jnj,https://finance.yahoo.com//news/stock-market-news-live-updates-march-3-2023-133941006.html
196,jnj,https://finance.yahoo.com//news/stock-market-news-today-march-2-2023-135533324.html
197,jnj,https://finance.yahoo.com//news/mortgage-rates-surge-closer-to-7-170022384.html
198,jnj,https://finance.yahoo.com//news/stock-market-news-today-march-2-2023-135533324.html
199,jnj,https://finance.yahoo.com//news/what-the-end-of-the-great-moderation-era-means-for-investors-morning-brief-103057491.html
200,jnj,https://finance.yahoo.com//news/silvergate-stock-crashes-after-company-delays-annual-report-reveals-new-losses-121923800.html
201,jnj,https://finance.yahoo.com//news/stock-market-news-live-updates-march-1-2023-124448484.html
202,jnj,https://finance.yahoo.com//news/goldman-sachs-tries-to-reset-firm-culture-after-three-unusual-years-171038235.html
203,jnj,https://finance.yahoo.com//news/feds-bostic-kashkari-call-for-higher-rates-after-concerning-inflation-jobs-data-150224928.html
204,jnj,https://finance.yahoo.com//news/stock-market-news-live-updates-march-1-2023-124448484.html
205,jnj,https://finance.yahoo.com//news/consumers-keep-feeling-better-about-today-and-worse-about-tomorrow-morning-brief-103054340.html
206,jnj,https://finance.yahoo.com//news/stock-market-news-live-updates-february-28-2023-120603661.html
207,jnj,https://finance.yahoo.com//news/stock-market-news-live-updates-february-28-2023-120603661.html
208,jnj,https://finance.yahoo.com//news/the-chips-act-reawakens-the-buyback-bogeyman-morning-brief-103020122.html
209,jnj,https://finance.yahoo.com//news/target-q4-earnings-beat-estimates-ceo-strikes-a-cautious-tone-as-consumer-spending-shifts-113016615.html
210,jnj,https://finance.yahoo.com//news/stock-market-news-live-updates-february-27-2023-130555308.html
211,jnj,https://finance.yahoo.com//news/salesforce-and-billionaire-marc-benioff-face-a-defining-moment-morning-brief-103049640.html
212,jnj,https://finance.yahoo.com//news/stocks-under-pressure-retail-earnings-continue-what-to-know-this-week-142308388.html
213,jnj,https://finance.yahoo.com//news/stock-market-news-today-february-24-2023-104349492.html
214,jnj,https://finance.yahoo.com//news/fed-inflation-fight-longer-pce-index-173353572.html
215,jnj,https://finance.yahoo.com//news/stock-market-news-today-february-24-2023-104349492.html
216,jnj,https://finance.yahoo.com//news/big-tech-is-out-old-economy-is-in-on-wall-street-morning-brief-103041144.html
217,jnj,https://finance.yahoo.com/https://finance.yahoo.com/news/why-silicon-valley-banks-crisis-is-rattling-americas-biggest-banks-121159393.html
218,jnj,https://finance.yahoo.com//news/11-best-long-term-growth-152504443.html
219,jnj,https://finance.yahoo.com//news/zacks-industry-outlook-highlights-j-093809856.html
220,jnj,https://finance.yahoo.com//news/5-large-drug-stocks-watch-130001643.html
221,jnj,https://finance.yahoo.com//news/johnson-johnson-announces-pricing-7-231200754.html
222,jnj,https://finance.yahoo.com//news/protagonist-ptgx-positive-results-frontier-171905340.html
223,jnj,https://finance.yahoo.com//news/berkshire-hathaway-high-coke-warren-130000996.html
224,jnj,https://finance.yahoo.com//news/15-dividend-zombies-kings-longest-105047953.html
225,jnj,https://finance.yahoo.com//news/zacks-investment-ideas-feature-highlights-100010149.html
226,BTC-USD,https://finance.yahoo.com//news/svb-stock-halted-as-silicon-valley-bank-capital-raise-reportedly-fails-buyer-sought-145321831.html
227,BTC-USD,https://finance.yahoo.com//news/stock-market-news-today-live-updates-march-10-2023-123845899.html
228,BTC-USD,https://finance.yahoo.com//news/february-jobs-report-march-10-2023-124602371.html
229,BTC-USD,https://finance.yahoo.com//news/jay-powell-now-has-another-problem-morning-brief-103100176.html
230,BTC-USD,https://finance.yahoo.com//news/why-silicon-valley-banks-crisis-is-rattling-americas-biggest-banks-121159393.html
231,BTC-USD,https://finance.yahoo.com//news/stock-market-news-today-live-updates-march-9-2023-135006552.html
232,BTC-USD,https://finance.yahoo.com//news/banks-tumble-svb-ignites-broader-173433069.html
233,BTC-USD,https://finance.yahoo.com//news/mortgage-rates-increase-again-flirt-with-7-170227323.html
234,BTC-USD,https://finance.yahoo.com//news/9-ways-biden-is-set-to-raise-some-taxes-in-2024-budget-proposal-145357176.html
235,BTC-USD,https://finance.yahoo.com//news/stock-market-news-today-live-updates-march-9-2023-135006552.html
236,BTC-USD,https://finance.yahoo.com//news/why-recession-odds-just-spiked-after-powell-addressed-congress-morning-brief-103054745.html
237,BTC-USD,https://finance.yahoo.com//news/powell-leaves-options-open-for-feds-march-meeting-we-are-not-on-a-preset-path-213322847.html
238,BTC-USD,https://finance.yahoo.com//news/stock-market-news-live-updates-march-8-2023-124051164.html
239,BTC-USD,https://finance.yahoo.com//news/key-recession-indicator-yield-inversion-treasury-160255114.html
240,BTC-USD,https://finance.yahoo.com//news/stock-market-news-live-updates-march-8-2023-124051164.html
241,BTC-USD,https://finance.yahoo.com//news/retail-executives-spent-last-year-getting-inventories-in-great-shape-morning-brief-102911205.html
242,BTC-USD,https://finance.yahoo.com//news/stock-market-news-today-live-updates-march-7-2023-143312540.html
243,BTC-USD,https://finance.yahoo.com//news/stock-market-news-today-live-updates-march-7-2023-143312540.html
244,BTC-USD,https://finance.yahoo.com//news/powell-tells-congress-rates-will-likely-be-higher-than-previously-anticipated-150011657.html
245,BTC-USD,https://finance.yahoo.com//news/stock-market-news-today-live-updates-march-7-2023-143312540.html
246,BTC-USD,https://finance.yahoo.com//news/heres-what-biden-wants-to-do-to-shore-up-medicare-135302609.html
247,BTC-USD,https://finance.yahoo.com//news/retail-traders-have-fallen-in-love-with-bonds-morning-brief-103004938.html
248,BTC-USD,https://finance.yahoo.com//news/stock-market-news-live-updates-march-6-2023-123642397.html
249,BTC-USD,https://finance.yahoo.com//news/as-airbnb-wins-back-wall-street-some-hosts-see-saturation-130755035.html
250,BTC-USD,https://finance.yahoo.com//news/stock-market-news-live-updates-march-6-2023-123642397.html
251,BTC-USD,https://finance.yahoo.com//news/the-stock-market-faces-a-new-dilemma-morning-brief-103048909.html
252,BTC-USD,https://finance.yahoo.com//news/bankman-fried-flip-phone-limited-153437236.html
253,BTC-USD,https://finance.yahoo.com//news/stock-market-news-live-updates-march-3-2023-133941006.html
254,BTC-USD,https://finance.yahoo.com//news/stock-market-news-live-updates-march-3-2023-133941006.html
255,BTC-USD,https://finance.yahoo.com//news/stock-market-news-today-march-2-2023-135533324.html
256,BTC-USD,https://finance.yahoo.com//news/mortgage-rates-surge-closer-to-7-170022384.html
257,BTC-USD,https://finance.yahoo.com//news/stock-market-news-today-march-2-2023-135533324.html
258,BTC-USD,https://finance.yahoo.com//news/what-the-end-of-the-great-moderation-era-means-for-investors-morning-brief-103057491.html
259,BTC-USD,https://finance.yahoo.com//news/silvergate-stock-crashes-after-company-delays-annual-report-reveals-new-losses-121923800.html
260,BTC-USD,https://finance.yahoo.com//news/stock-market-news-live-updates-march-1-2023-124448484.html
261,BTC-USD,https://finance.yahoo.com//news/goldman-sachs-tries-to-reset-firm-culture-after-three-unusual-years-171038235.html
262,BTC-USD,https://finance.yahoo.com//news/feds-bostic-kashkari-call-for-higher-rates-after-concerning-inflation-jobs-data-150224928.html
263,BTC-USD,https://finance.yahoo.com//news/stock-market-news-live-updates-march-1-2023-124448484.html
264,BTC-USD,https://finance.yahoo.com//news/consumers-keep-feeling-better-about-today-and-worse-about-tomorrow-morning-brief-103054340.html
265,BTC-USD,https://finance.yahoo.com//news/stock-market-news-live-updates-february-28-2023-120603661.html
266,BTC-USD,https://finance.yahoo.com//news/stock-market-news-live-updates-february-28-2023-120603661.html
267,BTC-USD,https://finance.yahoo.com//news/the-chips-act-reawakens-the-buyback-bogeyman-morning-brief-103020122.html
268,BTC-USD,https://finance.yahoo.com//news/target-q4-earnings-beat-estimates-ceo-strikes-a-cautious-tone-as-consumer-spending-shifts-113016615.html
269,BTC-USD,https://finance.yahoo.com//news/stock-market-news-live-updates-february-27-2023-130555308.html
270,BTC-USD,https://finance.yahoo.com//news/salesforce-and-billionaire-marc-benioff-face-a-defining-moment-morning-brief-103049640.html
271,BTC-USD,https://finance.yahoo.com//news/stocks-under-pressure-retail-earnings-continue-what-to-know-this-week-142308388.html
272,BTC-USD,https://finance.yahoo.com//news/stock-market-news-today-february-24-2023-104349492.html
273,BTC-USD,https://finance.yahoo.com//news/fed-inflation-fight-longer-pce-index-173353572.html
274,BTC-USD,https://finance.yahoo.com//news/stock-market-news-today-february-24-2023-104349492.html
275,BTC-USD,https://finance.yahoo.com//news/big-tech-is-out-old-economy-is-in-on-wall-street-morning-brief-103041144.html
276,BTC-USD,https://finance.yahoo.com/https://finance.yahoo.com/news/why-silicon-valley-banks-crisis-is-rattling-americas-biggest-banks-121159393.html
277,BTC-USD,https://finance.yahoo.com//news/bitcoin-tumbles-to-8-week-low-as-bank-liquidation-regulatory-pressures-weigh-on-crypto-230323964.html
278,BTC-USD,https://finance.yahoo.com//news/biden-budget-proposes-closing-crypto-loophole-to-raise-24-billion-in-new-revenue-182743431.html
279,BTC-USD,https://finance.yahoo.com//news/us-stocks-fall-investors-weigh-144046483.html
280,BTC-USD,https://finance.yahoo.com//news/chain-liquidations-beckon-ether-slumps-142804874.html
281,BTC-USD,https://finance.yahoo.com//news/bitcoin-ether-forkast-500-nft-095146430.html
282,BTC-USD,https://finance.yahoo.com//news/most-nft-industry-working-recycled-160100809.html
283,BTC-USD,https://finance.yahoo.com//news/forkast-500-nft-index-slides-033656685.html
284,BTC-USD,https://finance.yahoo.com//news/bitcoin-ether-slump-broad-sell-032217173.html
285,BTC-USD,https://finance.yahoo.com//news/bitcoin-ether-slide-industry-woes-193732708.html
286,BTC-USD,https://finance.yahoo.com//news/silvergates-planned-liquidation-fuels-another-192305354.html
287,BTC-USD,https://finance.yahoo.com//news/bitcoin-miner-hut-8-talks-180951724.html
288,BTC-USD,https://finance.yahoo.com//news/crypto-investors-could-lose-big-162509332.html
289,BTC-USD,https://finance.yahoo.com//news/biden-budget-proposes-closing-crypto-loophole-to-raise-24-billion-in-new-revenue-182743431.html
290,BTC-USD,https://finance.yahoo.com//news/biden-budget-plan-close-crypto-052623527.html
291,BTC-USD,https://finance.yahoo.com//news/thndr-games-launches-play-earn-160324483.html
292,amzn,https://finance.yahoo.com//news/svb-stock-halted-as-silicon-valley-bank-capital-raise-reportedly-fails-buyer-sought-145321831.html
293,amzn,https://finance.yahoo.com//news/stock-market-news-today-live-updates-march-10-2023-123845899.html
294,amzn,https://finance.yahoo.com//news/february-jobs-report-march-10-2023-124602371.html
295,amzn,https://finance.yahoo.com//news/jay-powell-now-has-another-problem-morning-brief-103100176.html
296,amzn,https://finance.yahoo.com//news/why-silicon-valley-banks-crisis-is-rattling-americas-biggest-banks-121159393.html
297,amzn,https://finance.yahoo.com//news/stock-market-news-today-live-updates-march-9-2023-135006552.html
298,amzn,https://finance.yahoo.com//news/banks-tumble-svb-ignites-broader-173433069.html
299,amzn,https://finance.yahoo.com//news/mortgage-rates-increase-again-flirt-with-7-170227323.html
300,amzn,https://finance.yahoo.com//news/9-ways-biden-is-set-to-raise-some-taxes-in-2024-budget-proposal-145357176.html
301,amzn,https://finance.yahoo.com//news/stock-market-news-today-live-updates-march-9-2023-135006552.html
302,amzn,https://finance.yahoo.com//news/why-recession-odds-just-spiked-after-powell-addressed-congress-morning-brief-103054745.html
303,amzn,https://finance.yahoo.com//news/powell-leaves-options-open-for-feds-march-meeting-we-are-not-on-a-preset-path-213322847.html
304,amzn,https://finance.yahoo.com//news/stock-market-news-live-updates-march-8-2023-124051164.html
305,amzn,https://finance.yahoo.com//news/key-recession-indicator-yield-inversion-treasury-160255114.html
306,amzn,https://finance.yahoo.com//news/stock-market-news-live-updates-march-8-2023-124051164.html
307,amzn,https://finance.yahoo.com//news/retail-executives-spent-last-year-getting-inventories-in-great-shape-morning-brief-102911205.html
308,amzn,https://finance.yahoo.com//news/stock-market-news-today-live-updates-march-7-2023-143312540.html
309,amzn,https://finance.yahoo.com//news/stock-market-news-today-live-updates-march-7-2023-143312540.html
310,amzn,https://finance.yahoo.com//news/powell-tells-congress-rates-will-likely-be-higher-than-previously-anticipated-150011657.html
311,amzn,https://finance.yahoo.com//news/stock-market-news-today-live-updates-march-7-2023-143312540.html
312,amzn,https://finance.yahoo.com//news/heres-what-biden-wants-to-do-to-shore-up-medicare-135302609.html
313,amzn,https://finance.yahoo.com//news/retail-traders-have-fallen-in-love-with-bonds-morning-brief-103004938.html
314,amzn,https://finance.yahoo.com//news/stock-market-news-live-updates-march-6-2023-123642397.html
315,amzn,https://finance.yahoo.com//news/as-airbnb-wins-back-wall-street-some-hosts-see-saturation-130755035.html
316,amzn,https://finance.yahoo.com//news/stock-market-news-live-updates-march-6-2023-123642397.html
317,amzn,https://finance.yahoo.com//news/the-stock-market-faces-a-new-dilemma-morning-brief-103048909.html
318,amzn,https://finance.yahoo.com//news/bankman-fried-flip-phone-limited-153437236.html
319,amzn,https://finance.yahoo.com//news/stock-market-news-live-updates-march-3-2023-133941006.html
320,amzn,https://finance.yahoo.com//news/stock-market-news-live-updates-march-3-2023-133941006.html
321,amzn,https://finance.yahoo.com//news/stock-market-news-today-march-2-2023-135533324.html
322,amzn,https://finance.yahoo.com//news/mortgage-rates-surge-closer-to-7-170022384.html
323,amzn,https://finance.yahoo.com//news/stock-market-news-today-march-2-2023-135533324.html
324,amzn,https://finance.yahoo.com//news/what-the-end-of-the-great-moderation-era-means-for-investors-morning-brief-103057491.html
325,amzn,https://finance.yahoo.com//news/silvergate-stock-crashes-after-company-delays-annual-report-reveals-new-losses-121923800.html
326,amzn,https://finance.yahoo.com//news/stock-market-news-live-updates-march-1-2023-124448484.html
327,amzn,https://finance.yahoo.com//news/goldman-sachs-tries-to-reset-firm-culture-after-three-unusual-years-171038235.html
328,amzn,https://finance.yahoo.com//news/feds-bostic-kashkari-call-for-higher-rates-after-concerning-inflation-jobs-data-150224928.html
329,amzn,https://finance.yahoo.com//news/stock-market-news-live-updates-march-1-2023-124448484.html
330,amzn,https://finance.yahoo.com//news/consumers-keep-feeling-better-about-today-and-worse-about-tomorrow-morning-brief-103054340.html
331,amzn,https://finance.yahoo.com//news/stock-market-news-live-updates-february-28-2023-120603661.html
332,amzn,https://finance.yahoo.com//news/stock-market-news-live-updates-february-28-2023-120603661.html
333,amzn,https://finance.yahoo.com//news/the-chips-act-reawakens-the-buyback-bogeyman-morning-brief-103020122.html
334,amzn,https://finance.yahoo.com//news/target-q4-earnings-beat-estimates-ceo-strikes-a-cautious-tone-as-consumer-spending-shifts-113016615.html
335,amzn,https://finance.yahoo.com//news/stock-market-news-live-updates-february-27-2023-130555308.html
336,amzn,https://finance.yahoo.com//news/salesforce-and-billionaire-marc-benioff-face-a-defining-moment-morning-brief-103049640.html
337,amzn,https://finance.yahoo.com//news/stocks-under-pressure-retail-earnings-continue-what-to-know-this-week-142308388.html
338,amzn,https://finance.yahoo.com//news/stock-market-news-today-february-24-2023-104349492.html
339,amzn,https://finance.yahoo.com//news/fed-inflation-fight-longer-pce-index-173353572.html
340,amzn,https://finance.yahoo.com//news/stock-market-news-today-february-24-2023-104349492.html
341,amzn,https://finance.yahoo.com//news/big-tech-is-out-old-economy-is-in-on-wall-street-morning-brief-103041144.html
342,amzn,https://finance.yahoo.com/https://finance.yahoo.com/news/why-silicon-valley-banks-crisis-is-rattling-americas-biggest-banks-121159393.html
343,amzn,https://finance.yahoo.com//news/target-amazon-4-more-retailers-130111844.html
344,amzn,https://finance.yahoo.com//news/walmart-starts-making-inroads-amazons-154152727.html
345,amzn,https://finance.yahoo.com//news/11-best-long-term-growth-152504443.html
346,amzn,https://finance.yahoo.com//news/q4-2022-aterian-inc-earnings-121731606.html
347,amzn,https://finance.yahoo.com//news/recession-fears-impacted-amazon-com-110925835.html
348,msft,https://finance.yahoo.com//news/svb-stock-halted-as-silicon-valley-bank-capital-raise-reportedly-fails-buyer-sought-145321831.html
349,msft,https://finance.yahoo.com//news/stock-market-news-today-live-updates-march-10-2023-123845899.html
350,msft,https://finance.yahoo.com//news/february-jobs-report-march-10-2023-124602371.html
351,msft,https://finance.yahoo.com//news/jay-powell-now-has-another-problem-morning-brief-103100176.html
352,msft,https://finance.yahoo.com//news/why-silicon-valley-banks-crisis-is-rattling-americas-biggest-banks-121159393.html
353,msft,https://finance.yahoo.com//news/stock-market-news-today-live-updates-march-9-2023-135006552.html
354,msft,https://finance.yahoo.com//news/banks-tumble-svb-ignites-broader-173433069.html
355,msft,https://finance.yahoo.com//news/mortgage-rates-increase-again-flirt-with-7-170227323.html
356,msft,https://finance.yahoo.com//news/9-ways-biden-is-set-to-raise-some-taxes-in-2024-budget-proposal-145357176.html
357,msft,https://finance.yahoo.com//news/stock-market-news-today-live-updates-march-9-2023-135006552.html
358,msft,https://finance.yahoo.com//news/why-recession-odds-just-spiked-after-powell-addressed-congress-morning-brief-103054745.html
359,msft,https://finance.yahoo.com//news/powell-leaves-options-open-for-feds-march-meeting-we-are-not-on-a-preset-path-213322847.html
360,msft,https://finance.yahoo.com//news/stock-market-news-live-updates-march-8-2023-124051164.html
361,msft,https://finance.yahoo.com//news/key-recession-indicator-yield-inversion-treasury-160255114.html
362,msft,https://finance.yahoo.com//news/stock-market-news-live-updates-march-8-2023-124051164.html
363,msft,https://finance.yahoo.com//news/retail-executives-spent-last-year-getting-inventories-in-great-shape-morning-brief-102911205.html
364,msft,https://finance.yahoo.com//news/stock-market-news-today-live-updates-march-7-2023-143312540.html
365,msft,https://finance.yahoo.com//news/stock-market-news-today-live-updates-march-7-2023-143312540.html
366,msft,https://finance.yahoo.com//news/powell-tells-congress-rates-will-likely-be-higher-than-previously-anticipated-150011657.html
367,msft,https://finance.yahoo.com//news/stock-market-news-today-live-updates-march-7-2023-143312540.html
368,msft,https://finance.yahoo.com//news/heres-what-biden-wants-to-do-to-shore-up-medicare-135302609.html
369,msft,https://finance.yahoo.com//news/retail-traders-have-fallen-in-love-with-bonds-morning-brief-103004938.html
370,msft,https://finance.yahoo.com//news/stock-market-news-live-updates-march-6-2023-123642397.html
371,msft,https://finance.yahoo.com//news/as-airbnb-wins-back-wall-street-some-hosts-see-saturation-130755035.html
372,msft,https://finance.yahoo.com//news/stock-market-news-live-updates-march-6-2023-123642397.html
373,msft,https://finance.yahoo.com//news/the-stock-market-faces-a-new-dilemma-morning-brief-103048909.html
374,msft,https://finance.yahoo.com//news/bankman-fried-flip-phone-limited-153437236.html
375,msft,https://finance.yahoo.com//news/stock-market-news-live-updates-march-3-2023-133941006.html
376,msft,https://finance.yahoo.com//news/stock-market-news-live-updates-march-3-2023-133941006.html
377,msft,https://finance.yahoo.com//news/stock-market-news-today-march-2-2023-135533324.html
378,msft,https://finance.yahoo.com//news/mortgage-rates-surge-closer-to-7-170022384.html
379,msft,https://finance.yahoo.com//news/stock-market-news-today-march-2-2023-135533324.html
380,msft,https://finance.yahoo.com//news/what-the-end-of-the-great-moderation-era-means-for-investors-morning-brief-103057491.html
381,msft,https://finance.yahoo.com//news/silvergate-stock-crashes-after-company-delays-annual-report-reveals-new-losses-121923800.html
382,msft,https://finance.yahoo.com//news/stock-market-news-live-updates-march-1-2023-124448484.html
383,msft,https://finance.yahoo.com//news/goldman-sachs-tries-to-reset-firm-culture-after-three-unusual-years-171038235.html
384,msft,https://finance.yahoo.com//news/feds-bostic-kashkari-call-for-higher-rates-after-concerning-inflation-jobs-data-150224928.html
385,msft,https://finance.yahoo.com//news/stock-market-news-live-updates-march-1-2023-124448484.html
386,msft,https://finance.yahoo.com//news/consumers-keep-feeling-better-about-today-and-worse-about-tomorrow-morning-brief-103054340.html
387,msft,https://finance.yahoo.com//news/stock-market-news-live-updates-february-28-2023-120603661.html
388,msft,https://finance.yahoo.com//news/stock-market-news-live-updates-february-28-2023-120603661.html
389,msft,https://finance.yahoo.com//news/the-chips-act-reawakens-the-buyback-bogeyman-morning-brief-103020122.html
390,msft,https://finance.yahoo.com//news/target-q4-earnings-beat-estimates-ceo-strikes-a-cautious-tone-as-consumer-spending-shifts-113016615.html
391,msft,https://finance.yahoo.com//news/stock-market-news-live-updates-february-27-2023-130555308.html
392,msft,https://finance.yahoo.com//news/salesforce-and-billionaire-marc-benioff-face-a-defining-moment-morning-brief-103049640.html
393,msft,https://finance.yahoo.com//news/stocks-under-pressure-retail-earnings-continue-what-to-know-this-week-142308388.html
394,msft,https://finance.yahoo.com//news/stock-market-news-today-february-24-2023-104349492.html
395,msft,https://finance.yahoo.com//news/fed-inflation-fight-longer-pce-index-173353572.html
396,msft,https://finance.yahoo.com//news/stock-market-news-today-february-24-2023-104349492.html
397,msft,https://finance.yahoo.com//news/big-tech-is-out-old-economy-is-in-on-wall-street-morning-brief-103041144.html
398,msft,https://finance.yahoo.com/https://finance.yahoo.com/news/why-silicon-valley-banks-crisis-is-rattling-americas-biggest-banks-121159393.html
399,msft,https://finance.yahoo.com//news/microsoft-msft-considered-good-investment-143002474.html
400,msft,https://finance.yahoo.com//news/wall-street-analysts-see-meta-143002895.html
401,msft,https://finance.yahoo.com//news/halliburton-hal-considered-good-investment-143002796.html
402,msft,https://finance.yahoo.com//news/discord-roll-ai-powered-chatbot-160334994.html
403,msft,https://finance.yahoo.com//news/microsofts-msft-10-deal-sony-151403131.html
404,msft,https://finance.yahoo.com//news/amazons-amzn-aws-gets-selected-143502974.html
405,GC=F,https://finance.yahoo.com//news/svb-stock-halted-as-silicon-valley-bank-capital-raise-reportedly-fails-buyer-sought-145321831.html
406,GC=F,https://finance.yahoo.com//news/stock-market-news-today-live-updates-march-10-2023-123845899.html
407,GC=F,https://finance.yahoo.com//news/february-jobs-report-march-10-2023-124602371.html
408,GC=F,https://finance.yahoo.com//news/jay-powell-now-has-another-problem-morning-brief-103100176.html
409,GC=F,https://finance.yahoo.com//news/why-silicon-valley-banks-crisis-is-rattling-americas-biggest-banks-121159393.html
410,GC=F,https://finance.yahoo.com//news/stock-market-news-today-live-updates-march-9-2023-135006552.html
411,GC=F,https://finance.yahoo.com//news/banks-tumble-svb-ignites-broader-173433069.html
412,GC=F,https://finance.yahoo.com//news/mortgage-rates-increase-again-flirt-with-7-170227323.html
413,GC=F,https://finance.yahoo.com//news/9-ways-biden-is-set-to-raise-some-taxes-in-2024-budget-proposal-145357176.html
414,GC=F,https://finance.yahoo.com//news/stock-market-news-today-live-updates-march-9-2023-135006552.html
415,GC=F,https://finance.yahoo.com//news/why-recession-odds-just-spiked-after-powell-addressed-congress-morning-brief-103054745.html
416,GC=F,https://finance.yahoo.com//news/powell-leaves-options-open-for-feds-march-meeting-we-are-not-on-a-preset-path-213322847.html
417,GC=F,https://finance.yahoo.com//news/stock-market-news-live-updates-march-8-2023-124051164.html
418,GC=F,https://finance.yahoo.com//news/key-recession-indicator-yield-inversion-treasury-160255114.html
419,GC=F,https://finance.yahoo.com//news/stock-market-news-live-updates-march-8-2023-124051164.html
420,GC=F,https://finance.yahoo.com//news/retail-executives-spent-last-year-getting-inventories-in-great-shape-morning-brief-102911205.html
421,GC=F,https://finance.yahoo.com//news/stock-market-news-today-live-updates-march-7-2023-143312540.html
422,GC=F,https://finance.yahoo.com//news/stock-market-news-today-live-updates-march-7-2023-143312540.html
423,GC=F,https://finance.yahoo.com//news/powell-tells-congress-rates-will-likely-be-higher-than-previously-anticipated-150011657.html
424,GC=F,https://finance.yahoo.com//news/stock-market-news-today-live-updates-march-7-2023-143312540.html
425,GC=F,https://finance.yahoo.com//news/heres-what-biden-wants-to-do-to-shore-up-medicare-135302609.html
426,GC=F,https://finance.yahoo.com//news/retail-traders-have-fallen-in-love-with-bonds-morning-brief-103004938.html
427,GC=F,https://finance.yahoo.com//news/stock-market-news-live-updates-march-6-2023-123642397.html
428,GC=F,https://finance.yahoo.com//news/as-airbnb-wins-back-wall-street-some-hosts-see-saturation-130755035.html
429,GC=F,https://finance.yahoo.com//news/stock-market-news-live-updates-march-6-2023-123642397.html
430,GC=F,https://finance.yahoo.com//news/the-stock-market-faces-a-new-dilemma-morning-brief-103048909.html
431,GC=F,https://finance.yahoo.com//news/bankman-fried-flip-phone-limited-153437236.html
432,GC=F,https://finance.yahoo.com//news/stock-market-news-live-updates-march-3-2023-133941006.html
433,GC=F,https://finance.yahoo.com//news/stock-market-news-live-updates-march-3-2023-133941006.html
434,GC=F,https://finance.yahoo.com//news/stock-market-news-today-march-2-2023-135533324.html
435,GC=F,https://finance.yahoo.com//news/mortgage-rates-surge-closer-to-7-170022384.html
436,GC=F,https://finance.yahoo.com//news/stock-market-news-today-march-2-2023-135533324.html
437,GC=F,https://finance.yahoo.com//news/what-the-end-of-the-great-moderation-era-means-for-investors-morning-brief-103057491.html
438,GC=F,https://finance.yahoo.com//news/silvergate-stock-crashes-after-company-delays-annual-report-reveals-new-losses-121923800.html
439,GC=F,https://finance.yahoo.com//news/stock-market-news-live-updates-march-1-2023-124448484.html
440,GC=F,https://finance.yahoo.com//news/goldman-sachs-tries-to-reset-firm-culture-after-three-unusual-years-171038235.html
441,GC=F,https://finance.yahoo.com//news/feds-bostic-kashkari-call-for-higher-rates-after-concerning-inflation-jobs-data-150224928.html
442,GC=F,https://finance.yahoo.com//news/stock-market-news-live-updates-march-1-2023-124448484.html
443,GC=F,https://finance.yahoo.com//news/consumers-keep-feeling-better-about-today-and-worse-about-tomorrow-morning-brief-103054340.html
444,GC=F,https://finance.yahoo.com//news/stock-market-news-live-updates-february-28-2023-120603661.html
445,GC=F,https://finance.yahoo.com//news/stock-market-news-live-updates-february-28-2023-120603661.html
446,GC=F,https://finance.yahoo.com//news/the-chips-act-reawakens-the-buyback-bogeyman-morning-brief-103020122.html
447,GC=F,https://finance.yahoo.com//news/target-q4-earnings-beat-estimates-ceo-strikes-a-cautious-tone-as-consumer-spending-shifts-113016615.html
448,GC=F,https://finance.yahoo.com//news/stock-market-news-live-updates-february-27-2023-130555308.html
449,GC=F,https://finance.yahoo.com//news/salesforce-and-billionaire-marc-benioff-face-a-defining-moment-morning-brief-103049640.html
450,GC=F,https://finance.yahoo.com//news/stocks-under-pressure-retail-earnings-continue-what-to-know-this-week-142308388.html
451,GC=F,https://finance.yahoo.com//news/stock-market-news-today-february-24-2023-104349492.html
452,GC=F,https://finance.yahoo.com//news/fed-inflation-fight-longer-pce-index-173353572.html
453,GC=F,https://finance.yahoo.com//news/stock-market-news-today-february-24-2023-104349492.html
454,GC=F,https://finance.yahoo.com//news/big-tech-is-out-old-economy-is-in-on-wall-street-morning-brief-103041144.html
455,GC=F,https://finance.yahoo.com/https://finance.yahoo.com/news/why-silicon-valley-banks-crisis-is-rattling-americas-biggest-banks-121159393.html
456,GC=F,https://finance.yahoo.com//news/global-markets-wall-street-falls-160803757.html
457,GC=F,https://finance.yahoo.com//news/global-markets-silicon-valley-bank-141619727.html
458,GC=F,https://finance.yahoo.com//news/global-markets-global-shares-hit-123400487.html
459,GC=F,https://finance.yahoo.com//news/mali-gold-exports-rise-8-123206811.html
460,GC=F,https://finance.yahoo.com//news/global-markets-silicon-valley-bank-093748538.html
461,GC=F,https://finance.yahoo.com//news/china-australia-relations-western-australia-093000145.html
462,GC=F,https://finance.yahoo.com//news/india-newly-found-lithium-reserves-092000361.html
463,GC=F,https://finance.yahoo.com//news/hang-seng-index-natural-gas-074336115.html
464,GC=F,https://finance.yahoo.com//news/global-markets-us-bank-jitters-055638811.html
